Title,Genre,Actor,Director,Musician,Photography,Producer,Writer,"Release Year",Studio,"Release Date",Language,Country,Color,Runtime,Region,"IMDb Url",Plot,"IMDb Rating","Audience Rating"
"The 4th Man","Drama, Mystery, Thriller","Jeroen Krabbé, Renée Soutendijk, Thom Hoffman","Paul Verhoeven","Loek Dikker","Jan de Bont","Rob Houwer","Gerard Reve, Gerard Soeteman",1983,"Rob Houwer Productions",1983,Dutch,"The Netherlands",Color,102,,https://www.imdb.com/title/tt0086543/?ref_=ref_ext_clz,"An alcoholic writer begins having visions apparently warning him of impending danger. After he delivers a lecture, he begins an affair with a woman from the audience. The visions intensify, however, and begin to threaten his relationship with the woman, since it may be her the visions are warning against.",7.2,
"The Adventure of Denchu-Kozo","Comedy, Horror, Science Fiction","Kei Fujiwara, Nobu Kanaoka, N. Senba","Shin'ya Tsukamoto",,,,"Shin'ya Tsukamoto",1987,,1987,Japanese,Japan,Color,47,,https://www.imdb.com/title/tt0166069/?ref_=ref_ext_clz,"Hikari is a boy who is bullied and teased by the other boys at school because he has the odd distinction of having an electricity pole growing out of his back. However, one of his classmates, a girl named Momo, comes to his rescue. Hikari thanks her by sharing his secret possession with her: a time machine. He then activates the time machine which transports him 25 years into a dark, dystopian, world of the future. There he encounters members of the Shinsengumi Vampire Gang in the process of hunting a woman named Dr. Sariba who is revealed to be Momo's future self. She explains to Hikari that she had been long expecting his arrival from the past and that he has a crucial role to play here -- he and he alone must save the world.",6.6,
"Alien from L.A.","Adventure, Comedy, Science Fiction","Kathy Ireland, William R. Moses, Richard Haines","Albert Pyun","Jim Andron, Steve LeGassick, Anthony Riparetti","Tom Fraser","Yoram Globus, Menahem Golan, Tom Karnowski","Debra Ricci, Sandra Berg, Albert Pyun",1988,"Golan-Globus Productions",1988,English,USA,Color,87,,https://www.imdb.com/title/tt0092532/?ref_=ref_ext_clz,"When her archaeologist father disappears on an expedition, Wanda sets out to look for him. What she finds is a secret underground world, where no one believes in life on the surface and where she and her father are taken for spies.",2.9,"US - PG"
"Alley Cat",Action,"Karin Mani, Robert Torti, Britt Helfer","Victor M. Ordonez, Ed Palmos, Al Valletta","Quito Colayco","Howard A. Anderson III","Claudia Decea, David A. Gronsky, Karin Mani","Robert E. Waters",1984,"Multicom Entertainment Group",1984,English,USA,Color,68,"Region A",https://www.imdb.com/title/tt0083541/?ref_=ref_ext_clz,"A beautiful young martial arts expert stops a vicious street gang from robbing her grandparents' house. The gang marks her for murder, but her grandparents are killed instead. The girl sets out to take her revenge on the gang.",5.5,"US - R"
"Are You in the House Alone?","Drama, Horror, Thriller","Kathleen Beller, Blythe Danner, Tony Bill","Walter Grauman","Charles Bernstein","Jack Swain","Jay Benson, Richard Berg, Charles W. Fries","Judith Parker, Richard Peck",1978,CBS,1978,English,USA,Color,96,,https://www.imdb.com/title/tt0077174/?ref_=ref_ext_clz,"Teenage girl is plagued by harassing phone calls. Her fear mounts when she's babysitting at a neighbor's home one evening and the caller rings her at that number.",5.6,
"The Beastmaster","Action, Adventure, Fantasy","Marc Singer, Tanya Roberts, Rip Torn","Don Coscarelli","Lee Holdridge","John Alcott","Donald P. Borchers, Naser el-Attasy, Frank K. Isaac","Don Coscarelli, Paul Pepperman, Andre Norton",1982,"Metro-Goldwyn-Mayer (MGM)",1982,English,USA,Color,118,"Region Free",https://www.imdb.com/title/tt0083630/?ref_=ref_ext_clz,"Dar, is the son of a king, who is hunted by a priest after his birth and grows up in another family. When he becomes a grown man his new father is murdered by savages and he discovers that he has the ability to communicate with the animals, which leads him on his quest for revenge against his father's killers.",6.2,"US - PG"
"The Bermuda Triangle","Horror, Mystery, Science Fiction","John Huston, Andrés García, Hugo Stiglitz","René Cardona Jr.","Stelvio Cipriani","León Sánchez","René Cardona Jr., Angelo Giacomo","Charles Berlitz, René Cardona Jr., Linda O'Hanlon",1978,"Corporación Nacional Cinematográfica (CONACINE)",1978,English,Mexico,Color,112,,https://www.imdb.com/title/tt0078417/?ref_=ref_ext_clz,"The passengers and crew of a boat on a summer cruise in the Caribbean stray into the famed Bermuda Triangle and mysterious things start happening.",4.1,"US - G"
"The Beyond",Horror,"Catriona MacColl, David Warbeck, Cinzia Monreale","Lucio Fulci","Fabio Frizzi, Walter E. Sear, Ira Yuspeh","Sergio Salvati","Fabrizio De Angelis","Dardano Sacchetti, Giorgio Mariuzzo, Lucio Fulci",1981,"Medusa Distribuzione",1981,Italian,Italy,Color,87,"Region 1",https://www.imdb.com/title/tt0082307/?ref_=ref_ext_clz,"Behind this doorway lie the terrifying and unspeakable secrets of hell. No one who sees it lives to describe it. And you shall live in darkness for all eternity.",6.8,"US - R"
"Black Book","Drama, Thriller, War","Carice van Houten, Sebastian Koch, Thom Hoffman","Paul Verhoeven","Anne Dudley","Karl Walter Lindenlaub","Graham Begg, Jeroen Beker, Jeremy Burdek","Gerard Soeteman, Paul Verhoeven",2006,"Fu Works",2006,Dutch,"The Netherlands",Color,145,"Region 1, Region A",https://www.imdb.com/title/tt0389557/?ref_=ref_ext_clz,"In the Nazi-occupied Netherlands during World War II, a Jewish singer infiltrates the regional Gestapo headquarters for the Dutch resistance.",7.7,"US - R"
"The Brood","Horror, Science Fiction","Oliver Reed, Samantha Eggar, Art Hindle","David Cronenberg","Howard Shore","Mark Irwin","Pierre David, Claude Heroux, Victor Solnicki","David Cronenberg",1979,"New World-Mutual",1979,English,Canada,Color,92,,https://www.imdb.com/title/tt0078908/?ref_=ref_ext_clz,"A man tries to uncover an unconventional psychologist's therapy techniques on his institutionalized wife, while a series of brutal attacks committed by a brood of mutant children coincides with the husband's investigation.",6.8,"US - R"
"Bullet Ballet","Crime, Drama, Science Fiction, Thriller","Shin'ya Tsukamoto, Kirina Mano, Tatsuya Nakamura","Shin'ya Tsukamoto","Chu Ishikawa","Shin'ya Tsukamoto","Igarashi Maison","Shin'ya Tsukamoto",1998,"Kaijyu Theater",1998,Japanese,Japan,Color,87,,https://www.imdb.com/title/tt0163563/?ref_=ref_ext_clz,"After his girlfriend commits suicide, a man (Shinya Tsukamoto) becomes embroiled in gang warfare attempting to obtain a gun in hopes to kill himself.",7.1,
"Calendar Girl Murders","Crime, Drama, Mystery, Thriller","Tom Skerritt, Sharon Stone, Barbara Bosson","William A. Graham","Brad Fiedel","Robert Steadman","Jon Avnet, James O'Fallon, Carol Schreder","Gregory S. Dinallo, Scott Swanton",1984,"Tisch/Avnet Productions Inc.",1984,English,USA,Color,100,,https://www.imdb.com/title/tt0087022/?ref_=ref_ext_clz,"Millionaire Richard Trainor is rolling out a new spread featuring a beautiful nude model for each month of the year. However, the party is ruined when Miss January is pushed off a building and later Miss February is knifed to death. Homicide detective Dan Stoner is assigned to the case which leads to the seductive former model Cassie Bascombe. What connection is she to the case and will the killer be caught before he/she reaches Miss December?",4.7,
Candyman,"Horror, Thriller","Virginia Madsen, Tony Todd, Xander Berkeley","Bernard Rose","Philip Glass","Anthony B. Richmond","Clive Barker, Steve Golin, Gregory Goodman","Clive Barker, Bernard Rose",1992,"Columbia TriStar Films",1992,English,USA,Color,99,,https://www.imdb.com/title/tt0103919/?ref_=ref_ext_clz,"The Candyman, a murderous soul with a hook for a hand, is accidentally summoned to reality by a skeptic grad student researching the monster's myth.",6.6,"US - R"
"Carnival of Souls","Horror, Mystery","Candace Hilligoss, Frances Feist, Sidney Berger","Herk Harvey","Gene Moore","Maurice Prather","Herk Harvey","John Clifford, Herk Harvey",1962,Filmipojat,1962,English,USA,"Black & White",78,"Region 1, Region A",https://www.imdb.com/title/tt0055830/?ref_=ref_ext_clz,"Mary Henry ends up the sole survivor of a fatal car accident through mysterious circumstances. Trying to put the incident behind her, she moves to Utah and takes a job as a church organist. But her fresh start is interrupted by visions of a fiendish man. As the visions begin to occur more frequently, Mary finds herself drawn to the deserted carnival on the outskirts of town. The strangely alluring carnival may hold the secret to her tragic past.",7.1,"US - Approved"
"Child in the Night","Drama, Mystery, Thriller","JoBeth Williams, Tom Skerritt, Season Hubley","Mike Robe","Mark Snow","Gerald Hirschfeld","John Perrin Flynn, Ian Martin, Mike Robe","Michael Petryni",1990,"Allied Communications",1990,English,Italy,Color,95,,https://www.imdb.com/title/tt0099252/?ref_=ref_ext_clz,"A child psychologist, Hollis who's marriage collapsed after she learned she was barren, bonds with Luke Winfield, who witnessed his father's murder at the hands of rain-slicker wearing killer with a cargo hook. Along the way she befriends Detective Bass as he investigates a series of homicides, each with the same M.O. As Hollis gets closer to Luke she discovers some trouble family secrets ensuring she is next to be slain.",5.7,
"Chtoby vyzhit",Action,"Vladimir Menshov, Aleksandr Rozenbaum, Sergey Veksler","Vsevolod Plotkin","Mark Minkov","Vladimir Shevtsik","Håkon Gundersen, Arthur Schweitzer","Aleksandr Aristov, Elena Karavaeshnikova, Vsevolod Plotkin",1992,"Cinevest Entertainment Group",1992,Russian,Russia,Color,112,"Region A, Region B, Region C, Region Free",https://www.imdb.com/title/tt0106564/?ref_=ref_ext_clz,"Emissary of the former ""party mafia"", nicknamed ""Jafar"" prepares and implements a series of provocations and terrorist acts on the outskirts of the country to create the preconditions for a coup. During a attack on one of the army armories wounded his conductor.  Bandits urgently need to smuggle across the Afghan border caravan with drugs. As a conductor Jafar tries to use the former army officer - Oleg, wherefore bandits taking hostage his son. Oleg and his army friend, Nikolai, using all his experience of the war in the mountains, enters into an unequal deadly struggle against a gangs...",5.9,"US - R"
"Color Out of Space","Horror, Mystery, Science Fiction, Thriller","Nicolas Cage, Joely Richardson, Madeleine Arthur","Richard Stanley","Colin Stetson","Steve Annis","Brett W. Bachman, Timur Bekbosunov, Simão Cayatte","H.P. Lovecraft, Richard Stanley, Scarlett Amaris",2019,SpectreVision,2019,English,USA,Color,111,"Region A, Region Free",https://www.imdb.com/title/tt5073642/?ref_=ref_ext_clz,"The Gardner family moves to a remote farmstead in rural New England to escape the hustle of the 21st century. They are busy adapting to their new life when a meteorite crashes into their front yard, melts into the earth, and infects both the land and the properties of space-time with a strange, otherworldly colour. To their horror, the family discovers this alien force is gradually mutating every life form that it touches—including them.",6.2,
Cronos,Horror,"Federico Luppi, Ron Perlman, Claudio Brook","Guillermo del Toro","Javier Álvarez","Guillermo Navarro","Rafael Cruz, Arthur Gorson, Francisco Murguía","Guillermo del Toro",1993,"October Films",1993,English,Mexico,Color,94,,https://www.imdb.com/title/tt0104029/?ref_=ref_ext_clz,"Faced with his own mortality, an ingenious alchemist tried to perfect an invention that would provide him with the key to eternal life. It was called the Cronos device. When he died more than 400 years later, he took the secrets of this remarkable device to the grave with him. Now, an elderly antiques dealer has found the hellish machine hidden in a statue and learns about its incredible powers. The more he uses the device, the younger he becomes...but nothing comes without a price. Life after death is just the beginning as this nerve-shattering thriller unfolds and the fountain of youth turns bloody.",6.7,"US - R"
Cyclone,"Action, Adventure, Drama, Horror, Thriller","Arthur Kennedy, Carroll Baker, Lionel Stander","René Cardona Jr.","Riz Ortolani","León Sánchez","Angelo Iacono","René Cardona Jr., Carlos Valdemar",1978,"Corporación Nacional Cinematográfica (CONACINE)",1978,English,Mexico,Color,100,,https://www.imdb.com/title/tt0075901/?ref_=ref_ext_clz,"An airplane goes down in the ocean during a storm and a few survivors find refuge on a small tour boat. Swept out to sea, these people slowly starve to death in the hot sun with barely any food or clean water. With no place to turn, the boat survivors resort to cannibalism to stay alive...that is ..until the rescue planes come to pick them up and the man eating sharks decide its time to eat as well.",4.8,"US - PG-13"
"Dark Tower","Horror, Mystery, Thriller","Michael Moriarty, Jenny Agutter, Carol Lynley","Freddie Francis, Ken Wiederhorn","Stacy Widelitz","Gordon Hayman","John R. Bowey, Tom Fox, Sandy Howard","Robert J. Avrech, Ken Blackwell, Ken Wiederhorn",1989,"Sandy Howard",1989,English,USA,Color,91,,https://www.imdb.com/title/tt0092831/?ref_=ref_ext_clz,"When a window-washer falls to his death from the side of a Barcelona high-rise office building (also killing a unsuspecting pedestrian), security consultant Dennis Randall is called in to investigate. Although he first believes the deaths to be accidental, he soon comes to realize that some strange force is at work inside the building. What could be causing these accidents? More importantly, is there any way it can be stopped?",4.2,"US - R"
"Day of the Animals","Horror, Science Fiction, Thriller","Christopher George, Leslie Nielsen, Lynda Day George","William Girdler","Lalo Schifrin","Robert Sorrentino","Edward L. Montoro, David Sheldon","William W. Norton, Eleanor E. Norton, Edward L. Montoro",1977,,1977,English,USA,Color,97,,https://www.imdb.com/title/tt0075913/?ref_=ref_ext_clz,"The depletion of the earth's ozone layer causes animals above the altitude of 5000 feet to run amok, which is very unfortunate for a group of hikers who get dropped off up there by helicopter just before the quarantine is announced.",5.3,"US - PG"
"Days of Thunder","Action, Drama, Sports","Tom Cruise, Robert Duvall, Nicole Kidman","Tony Scott","Hans Zimmer","Ward Russell","Jerry Bruckheimer, Gerald R. Molen, Don Simpson","Robert Towne, Tom Cruise",1990,"Paramount Pictures",1990,English,USA,Color,107,"Region Free",https://www.imdb.com/title/tt0099371/?ref_=ref_ext_clz,"Talented but unproven stock car driver Cole Trickle gets a break and with the guidance of veteran Harry Hogge turns heads on the track. The young hotshot develops a rivalry with a fellow racer that threatens his career when the two smash their cars. But with the help of his doctor, Cole just might overcome his injuries-- and his fear.",6,"US - PG-13"
"Dead Ringers","Drama, Horror, Thriller","Jeremy Irons, Geneviève Bujold, Heidi von Palleske","David Cronenberg","Howard Shore","Peter Suschitzky","Carol Baum, John Board, Marc Boyman","David Cronenberg, Norman Snider, Bari Wood",1988,"Twentieth Century Fox",1988,English,Canada,Color,116,"Region 1",https://www.imdb.com/title/tt0094964/?ref_=ref_ext_clz,"Elliot, a successful gynecologist, works at the same practice as his identical twin, Beverly. Elliot is attracted to many of his patients and has affairs with them. When he inevitably loses interest, he will give the woman over to Beverly, the meeker of the two, without the woman knowing the difference. Beverly falls hard for one of the patients, Claire, but when she inadvertently deceives him, he slips into a state of madness.",7.3,"US - R"
"Deadly Games","Action, Horror, Thriller","Brigitte Fossey, Louis Ducreux, Patrick Floersheim","René Manzor","Jean-Felix Lalanne","Michel Gaffier","Charles de Feral, Jean-Luc Defait, Ziad El Khoury","René Manzor",1989,"L.M. Productions",1989,French,France,Color,87,"Region Free",https://www.imdb.com/title/tt0096741/?ref_=ref_ext_clz,"Thomas, a very intelligent and resourceful child, is left alone with his beloved and fragile granddad on Christmas Eve, when a psychopath dressed as Santa Claus breaks into their mansion and starts chasing them. Thomas will do whatever he can to save himself and his granddad, leaving much of his childhood innocence behind.",6.4,
"Deep Blood","Adventure, Horror","Frank Baroni, Cort McCown, Keith Kelsch","Raffaele Donato, Joe D'Amato","Carlo Maria Cordio","Joe D'Amato",,"George Nelson Ott",1990,Filmirage,1990,Italian,Italy,Color,95,,https://www.imdb.com/title/tt0097178/?ref_=ref_ext_clz,"Several young men have to stop an ancient native American evil in the form of a killer shark which is attacking a small beach community.",3.2,
"Def by Temptation",Horror,"James Bond III, Kadeem Hardison, Bill Nunn","James Bond III","Paul Laurence","Ernest R. Dickerson","James Bond III, Nelson George, Kevin Harewood","James Bond III",1990,"Bonded Filmworks",1990,English,USA,Color,95,"Region 1",https://www.imdb.com/title/tt0099395/?ref_=ref_ext_clz,"An evil succubus is preying on libidinous black men in New York, and all that stands in her way is a minister-in-training, an aspiring actor, and a cop that specializes in cases involving the supernatural.",4.7,"US - R"
"The Devil's Backbone","Drama, Horror","Marisa Paredes, Eduardo Noriega, Federico Luppi","Guillermo del Toro","Javier Navarrete","Guillermo Navarro","Agustin Almodovar, Pedro Almodóvar, Rosa Bosch","Guillermo del Toro, Antonio Trashorras, David Munoz",2001,"Optimum Releasing",2001,Spanish,Mexico,Color,106,,https://www.imdb.com/title/tt0256009/?ref_=ref_ext_clz,"Spain, 1939. In the last days of the Spanish Civil War, the young Carlos arrives at the Santa Lucía orphanage, where he will make friends and enemies as he follows the quiet footsteps of a mysterious presence eager for revenge.",7.4,"US - R"
"Diary of a Hooker",Comedy,"Ronnie Bierman, Sylvia de Leur, Piet Römer","Paul Verhoeven","Julius Steffaro, Jack TROMBEY","Jan de Bont","Rob Houwer","Albert Mol, Gerard Soeteman",1971,"Rob Houwer Productions",1971,Dutch,"The Netherlands",Color,90,,https://www.imdb.com/title/tt0067963/?ref_=ref_ext_clz,"Controversial director Paul Verhoeven made his feature-film debut with this Dutch comedy-drama about two prostitutes working in the Amsterdam Red Light district, and the many strange and unusual men they meet through their work. Also known as Diary Of A Hooker, Business is Business, and Any Special Way, Wat Zien Ik? was based on the short stories of Albert Mol; the film was photographed by Jan de Bont, who later went on to become a successful director himself.",5.9,"US - R"
Django,"Action, Western","Franco Nero, José Bódalo, Loredana Nusciak","Sergio Corbucci","Luis Bacalov","Enzo Barboni","Manolo Bolognini, Sergio Corbucci, Bruno Frascà","Sergio Corbucci, Bruno Corbucci, Franco Rossetti",1966,"B.R.C. Produzione S.r.l.",1966,Italian,Italy,Color,91,,https://www.imdb.com/title/tt0060315/?ref_=ref_ext_clz,"A coffin-dragging gunslinger and a half-breed prostitute become embroiled in a bitter feud between a merciless masked clan and a band of Mexican revolutionaries.",7.2,"US - R"
"Don't Torture a Duckling","Horror, Mystery, Thriller","Florinda Bolkan, Barbara Bouchet, Tomas Milian","Lucio Fulci","Riz Ortolani","Sergio D'Offizi","Renato Jaboni","Lucio Fulci, Roberto Gianviti, Gianfranco Clerici",1972,"Medusa Distribuzione",1972,Italian,Italy,Color,105,"Region 1, Region A, Region B",https://www.imdb.com/title/tt0069019/?ref_=ref_ext_clz,"A reporter and a promiscuous young woman try to solve a series of child killings in a remote southern Italian town rife with superstition and a distrust of outsiders.",7.1,
"Eastern Promises","Action, Crime, Drama, Thriller","Josef Altin, Mina E. Mina, Aleksandar Mikic","David Cronenberg","Howard Shore","Peter Suschitzky","Jeff Abberley, Julia Blackman, Stephen Garrett","Steven Knight",2007,"Focus Features",2007,English,UK,Color,100,"Region 1, Region A",https://www.imdb.com/title/tt0765443/?ref_=ref_ext_clz,"A Russian teenager, living in London, dies during childbirth but leaves clues to a midwife in her journal, that could tie her child to a rape involving a violent Russian mob family.",7.6,"US - R"
Elle,"Crime, Drama, Thriller","Isabelle Huppert, Laurent Lafitte, Anne Consigny","Paul Verhoeven","Anne Dudley","Stéphane Fontaine","Saïd Ben Saïd, Sarah Borch-Jacobsen, Kevin Chneiweiss","Philippe Djian, David Birke, Harold Manning",2016,"SBS Productions",2016,French,France,Color,130,"Region Free",https://www.imdb.com/title/tt3716530/?ref_=ref_ext_clz,"When Michèle, the CEO of a gaming software company, is attacked in her home by an unknown assailant, she refuses to let it alter her precisely ordered life. She manages crises involving family, all the while becoming engaged in a game of cat and mouse with her stalker.",7.1,"US - R"
"The Fear",Horror,"Eddie Bowz, Heather Medway, Ann Turkel","Vincent Robert",,"Bernd Heinl","Richard Brandes, Adam Levy, Greg H. Sims","Ron Ford, Greg H. Sims",1995,"A-Pix Entertainment",1995,English,USA,Color,98,,https://www.imdb.com/title/tt0113043/?ref_=ref_ext_clz,"A weekend of 'fear therapy' turns into a nightmare of terror when a mannequin comes to life. Only those with the courage to confront their demons will survive.",3.6,"US - R"
"Gemini Man","Action, Drama, Science Fiction, Thriller","Will Smith, Mary Elizabeth Winstead, Clive Owen","Ang Lee","Lorne Balfe","Dion Beebe","Juliana Moreno Angulo, Brian Bell, Rick Benattar","David Benioff, Billy Ray, Darren Lemke",2019,"Skydance Media",2019,English,China,Color,117,,https://www.imdb.com/title/tt1025100/?ref_=ref_ext_clz,"Henry Brogan is an elite 51-year-old assassin who's ready to call it quits after completing his 72nd job. His plans get turned upside down when he becomes the target of a mysterious operative who can seemingly predict his every move. To his horror, Brogan soon learns that the man who's trying to kill him is a younger, faster, cloned version of himself.",5.7,"US - PG-13"
"Grandmother's House","Horror, Thriller","Eric Foster, Kim Valentine, Len Lesser","Peter Rader","Nigel Holton, Clive Wright","Peter Jensen","Perry Husman, Peter Jensen, Nico Mastorakis","Peter Jensen, Gayle Jensen",1988,"AV Home Video",1988,English,USA,Color,90,"Region 1, Region A, Region B, Region C",https://www.imdb.com/title/tt0097455/?ref_=ref_ext_clz,"David and Lynn have just lost their father. Now orphaned, the youngsters are sent to live with their grandparents in a beautiful victorian mansion. But no sooner than boarding the coach bus scheduled to take them to their new home do strange things start to occur, initially in the form of a mysterious woman who seems to appear and disappear in the blink of an eye. It’s not long, however, before murdered bodies are found in the area and, to make matters worse, David becomes increasingly fearful that his doting grandparents might be involved in the killings.",5.2,"US - R"
"Grave Secrets",Horror,"Paul Le Mat, Renée Soutendijk, Lee Ving","Donald P. Borchers","Jonathan Elias","Jamie Thompson","Linda Francis, Michael Alan Shores, Ray Zimmerman","Jeffrey Polman, Lenore Wright",1989,"Shapiro-Glickenhaus Entertainment",1989,English,USA,Color,90,,https://www.imdb.com/title/tt0097456/?ref_=ref_ext_clz,"A woman tormented by ghostly apparitions and a professor of psychic phenomena investigate other-worldly disturbances and unlock the secret of a malevolent force reaching out for vengeance from beyond the grave.",4.4,"US - R"
Grizzly,"Adventure, Horror, Thriller","Christopher George, Andrew Prine, Richard Jaeckel","William Girdler","Robert O. Ragland","William L. Asman","Lloyd N. Adams Jr., Harvey Flaxman, Lee S. Jones Jr.","Harvey Flaxman, David Sheldon, Andrew Prine",1976,"Hollywood West Entertainment",1976,English,USA,Color,91,,https://www.imdb.com/title/tt0074593/?ref_=ref_ext_clz,"An eighteen-foot grizzly bear figures out that humans make for a tasty treat. As a park ranger tries rallying his men to bring about the bear's capture or destruction, his efforts are thwarted by the introduction of dozens of drunken hunters into the area.",5.3,"US - PG"
Hardware,"Science Fiction, Thriller","Carl McCoy, Iggy Pop, Dylan McDermott","Richard Stanley","Simon Boswell","Steven Chivers","Ray Corbett, Elizabeth Karlsen, Nik Powell","Steve MacManus, Kevin O'Neill, Richard Stanley",1990,"Millimeter Films",1990,English,UK,Color,94,,https://www.imdb.com/title/tt0099740/?ref_=ref_ext_clz,"Mark 13 is a government-built killing machine programmed with artificial intelligence, able to repair and recharge itself from any energy source. Through a series of coincidences, the cyborg's head ends up in the home of a sculptress as a bizarre Christmas present from her boyfriend. Once inside its new home, the cyborg promptly reconstructs the rest of its body using a variety of household utensils and proceeds to go on a murderous rampage.",6,"US - R"
Haze,"Horror, Mystery","Shin'ya Tsukamoto, Takahiro Murase, Takahiro Kandaka","Shin'ya Tsukamoto","Chu Ishikawa","Shin'ya Tsukamoto","Shin'ichi Kawahara, Shin'ya Tsukamoto","Shin'ya Tsukamoto",2005,"Gold View Company",2005,Japanese,Japan,Color,49,,https://www.imdb.com/title/tt0491399/?ref_=ref_ext_clz,"A man awakes to find himself trapped in a dirty, confined crawlspace. He barely has enough room to move. He also has no memory of why he’s there, or why he’s bleeding from a stomach wound. Apparently drugged, he occasionally ‘zones out’ of his surroundings as he tries to edge towards his way to freedom. But the more he explores, the more pain he has to endure, and the more frightening his predicament becomes.",6.6,
"The Hearse","Drama, Horror, Thriller","Trish Van Devere, Joseph Cotten, David Gautreaux","George Bowers","Webster Lewis","Mori Kawa","Newton P. Jacobs, Chuck Russell, Mark Tenser","William Bleich, Mark Tenser",1980,"Crown International Pictures",1980,English,USA,Color,99,"Region A, Region B, Region C",https://www.imdb.com/title/tt0080853/?ref_=ref_ext_clz,"A schoolteacher moves into her deceased aunt’s house in a small Californian town, and is harassed by unfriendly locals and a mysterious hearse.",4.9,"US - PG"
"The House by the Cemetery",Horror,"Catriona MacColl, Paolo Malco, Ania Pieroni","Lucio Fulci","Walter Rizzati","Sergio Salvati","Fabrizio De Angelis","Elisa Briganti, Dardano Sacchetti, Giorgio Mariuzzo",1981,"Fulvia Film",1981,Italian,Italy,Color,86,,https://www.imdb.com/title/tt0082966/?ref_=ref_ext_clz,"After a doctor kills his mistress and himself while researching the mysterious previous owner of his Boston home, his colleague, Dr. Norman Boyle, takes over his research and moves his family from New York City to the Boston mansion. Soon after, Boyle's young son Bob becomes plagued by visions of a young girl, who warns him of the danger within the house.",6.2,
"The House of Usher",Horror,"Oliver Reed, Donald Pleasence, Romy Windsor","Alan Birkinshaw","Gary Chang, George S. Clinton","Yossi Wein","Avi Lerner, John Stodel, Harry Alan Towers","Michael J. Murray, Edgar Allan Poe",1989,"21st Century Film Corporation",1989,English,USA,Color,92,,https://www.imdb.com/title/tt0095332/?ref_=ref_ext_clz,"An updated version of the classic horror tale by Edgar Allen Poe. Ryan and his girlfriend Molly are going to visit Ryan's uncle, Roderick Usher, at his mansion. They find, however, that Roderick's brother Walter has gone insane, and Roderick himself isn't far behind. Can Ryan and Molly escape from the doomed mansion before the curse of Usher claims them as well?",4.5,"US - R"
"In the Mouth of Madness","Drama, Horror, Mystery, Thriller","Sam Neill, Julie Carmen, Jürgen Prochnow","John Carpenter","John Carpenter, Jim Lang","Gary B. Kibbe","Michael De Luca, Sandy King, Artist W. Robinson","Michael De Luca",1995,"New Line Cinema",1995,English,USA,Color,95,"Region A",https://www.imdb.com/title/tt0113409/?ref_=ref_ext_clz,"An insurance investigator begins discovering that the impact a horror writer's books have on his fans is more than inspirational.",7.2,"US - R"
"Katie Tippel",Drama,"Monique van de Ven, Rutger Hauer, Andrea Domburg","Paul Verhoeven","Rogier van OTTERLOO","Jan de Bont","Rob Houwer","Gerard Soeteman, Neel Doff",1975,"Rob Houwer Productions",1975,Dutch,"The Netherlands",Color,100,,https://www.imdb.com/title/tt0073233/?ref_=ref_ext_clz,"In the late 19th century, a young woman moves to Amsterdam with her family and tries to make a living. Preyed upon by various men, she nonetheless rises in society.",6.6,"US - R"
Killing,"Action, Drama","Shin'ya Tsukamoto, Yû Aoi, Sosuke Ikematsu","Shin'ya Tsukamoto",,"Satoshi Hayashi, Shin'ya Tsukamoto","Shin'ya Tsukamoto","Shin'ya Tsukamoto",2018,"Shin Nippon Films",2018,Japanese,Japan,Color,80,,https://www.imdb.com/title/tt7117352/?ref_=ref_ext_clz,"In Edo period Japan, a lone ronin spends time in a village helping the farmers tend to their land. To keep his sword skills sharp, he spars daily with a farmer's son. Meanwhile, the nation is in the midst of major unrest with civil war on the horizon. One day, a group of outlaw ronin enters the village.",6.4,
Kotoko,"Drama, Horror","Shin'ya Tsukamoto, Yuko Nakamura, Cocco","Shin'ya Tsukamoto",Cocco,"Satoshi Hayashi, Shin'ya Tsukamoto","Cocco, Kiyo Joo, Keiko Kusakabe","Cocco, Shin'ya Tsukamoto",2011,"Kaijyu Theater",2011,Japanese,Japan,Color,91,,https://www.imdb.com/title/tt1842532/?ref_=ref_ext_clz,"A single mother (Cocco) becomes afflicted with double vision. Taking care of her newborn baby becomes a nightmare as the mother also becomes paranoid. The only time the mother doesn't see double is when she sings. She also finds solace in cutting herself, allowing her blood to drip free and able to feel alive. A terrifying nervous breakdown ensues. When things spiral out of control, her baby is taken away. She then rides a bus and sings to herself. A man (Shinya Tsukamoto) sitting nearby listens to her wonderful voice. He begins to stalk her. The man is an award winning novelist who has fallen in love with the woman. They begin a volatile relationship. The woman's paranoia a",6.7,
"Malibu High","Crime, Drama, Thriller","Jill Lansing, Stuart Taylor, Katie Johnson","Irvin Berwick",,"William De Diego","Lawrence D. Foldes, Craig Muckler, Thomas Singer","John Buckley, Thomas Singer",1979,"Star Cinema Productions",1979,English,USA,Color,90,"Region A, Region B, Region C, Region Free",https://www.imdb.com/title/tt0079514/?ref_=ref_ext_clz,"When a high school senior is dumped by her boyfriend, her grades fall drastically...to avoid failing, she begins seducing her male teachers. Thus begins her downward spiral into drug addiction and prostitution, and ultimately assassinations for a kingpin mob boss.",5,"US - R"
"La mansión de los Cthulhu",Horror,"Frank Finlay, Marcia Layton, Luis Fernando Alvés","J.P. Simon","Tim Souster","Julio Bragado","Bob Baker, Roger Crago, José Gutiérrez Maesso","J.P. Simon, H.P. Lovecraft, Linda Moore",1992,"Dister Group",1992,English,Spain,Color,95,"Region Free",https://www.imdb.com/title/tt0100108/?ref_=ref_ext_clz,"An aging magician harboring a terrible occult secret and his daughter are taken hostage in their isolated mansion by teenage scumbags needing a place to hide out. When the captors refuse to listen to the magician's dire warning to release him unharmed, the mansion slowly releases its nightmare of horrors on the unsuspecting invaders.",3.5,"US - R"
"Martial Law","Action, Crime","Chad McQueen, Cynthia Rothrock, David Carradine","Steve Cohen","Elliot Solomon","John Huneck","Kurt Anderson, Richard Brandes, Pierre David","Richard Brandes",1990,"Ascot Video",1990,English,USA,Color,89,,https://www.imdb.com/title/tt0104822/?ref_=ref_ext_clz,"An undercover cop teams up with a martial-arts expert to stop a gang of drug smugglers and car thieves.",4.8,"US - R"
"Martial Law II: Undercover","Action, Crime","Jeff Wincott, Cynthia Rothrock, Paul Johansson","Kurt Anderson","Elliot Solomon","Peter Fernberger","Steve Cohen, Pierre David, Robert W. Mann","Richard Brandes, Pierre David, Jiles Fitzgerald",1991,"Ascot Video",1991,English,USA,Color,91,,https://www.imdb.com/title/tt0104823/?ref_=ref_ext_clz,"Sean and Billie are undercover cops and martial arts masters. Investigating the death of a cop, they uncover a deadly ring of murder and corruption at a glitzy nightclub where the rich are entertained by seductive women and protected by martial arts experts. Billie goes undercover to infiltrate the crime ring, leading to an explosive finale.",5.2,"US - R"
"My Lucky Stars","Action, Comedy, Crime","Sammo Hung Kam-Bo, Charlie Chin, Shui-Fan Fung","Sammo Hung Kam-Bo","Siu-Tin Lai, Siu-Lam Tang","Arthur Wong","Leonard Ho, Sammo Hung Kam-Bo","Barry Wong, Cheuk-Hon Szeto, Kin Lo",1985,"Filmes Castello Lopes",1985,Cantonese,"Hong Kong",Color,96,,https://www.imdb.com/title/tt0089177/?ref_=ref_ext_clz,"Two Hong-Kong cops are sent to Tokyo to catch an ex-cop who stole a large amount of money in diamonds. After one is captured by the Ninja-gang protecting the rogue cop, the other one gets his old Orphanage gang, dubbed the ""Five Lucky Stars,"" to help him. They don't like this much, but they do it.",6.5,"US - PG-13"
"Nightmare Weekend","Horror, Science Fiction","Debbie Laster, Dale Midkiff, Debra Hunter","Henri Sala","Martin Kershaw","Robert M. Baldwin, Denis Gheerbrant","Andre Feingold, Gerald Gottlieb, Bachoo Sen","George Faget-Benard, Robert Seidman",1986,,1986,English,UK,Color,85,,https://www.imdb.com/title/tt0091631/?ref_=ref_ext_clz,"A female scientist performs experiments on three college girls that turn them into drooling, murderous mutants.",3.1,"US - R"
"Pan's Labyrinth","Drama, Fantasy, War","Ivana Baquero, Sergi Lopez, Maribel Verdú","Guillermo del Toro","Javier Navarrete","Guillermo Navarro","Víctor Albarrán, Belén Atienza, Alvaro Augustin","Guillermo del Toro",2006,CDE,2006,Spanish,Mexico,Color,118,,https://www.imdb.com/title/tt0457430/?ref_=ref_ext_clz,"Living with her tyrannical stepfather in a new home with her pregnant mother, 10-year-old Ofelia feels alone until she explores a decaying labyrinth guarded by a mysterious faun who claims to know her destiny. If she wishes to return to her real father, Ofelia must complete three terrifying tasks.",8.2,"US - R"
"Perfect Strangers","Crime, Drama, Thriller","Anne Carlisle, Brad Rijn, John Woehrle","Larry Cohen","Dwight Dixon","Paul Glickman","Carter DeHaven, Richard M. Greenberg, Paul Kurta","Larry Cohen",1984,"Cinema '84/Greenberg Brothers Partnership",1984,English,USA,Color,91,,https://www.imdb.com/title/tt0087901/?ref_=ref_ext_clz,"A hit-man tries to seduce the mother of a child who witnessed his most recent kill.",5.5,"US - R"
"The Pervert's Guide to Cinema",Documentary,"Slavoj Zizek","Sophie Fiennes","Brian Eno","Remko Schnorr","Sophie Fiennes, Ineke Kanters, Georg Misch","Slavoj Zizek",2006,"Amoeba Films",2006,English,UK,Color,150,,https://www.imdb.com/title/tt0828154/?ref_=ref_ext_clz,"The Pervert's Guide to Cinema offers an introduction into some of Žižek's most exciting ideas on fantasy, reality, sexuality, subjectivity, desire, materiality and cinematic form. Whether he is untangling the famously baffling films of David Lynch, or overturning everything you thought you knew about Hitchcock, Žižek illuminates the screen with his passion, intellect, and unfailing sense of humour.",7.8,
"The Pervert's Guide to Ideology",Documentary,"Slavoj Zizek","Sophie Fiennes",,,,,2013,Zeitgeist,2013,English,UK,Color,134,,,"Philosopher Slavoj Žižek and filmmaker Sophie Fiennes reunites for this follow-up to their hit The Pervert's Guide to Cinema, using their interpretation of moving pictures to present a compelling cinematic journey into the heart of ideology – the dreams that shape our collective beliefs and practices.",,
Pieces,"Horror, Mystery, Thriller","Christopher George, Lynda Day George, Frank Braña","J.P. Simon","Silvano Chimenti, Stelvio Cipriani, Carlo Maria Cordio","Juan MARINÉ","Stephen Minasian, Dick Randall, Edward L. Montoro","Dick Randall, Roberto Loyola, J.P. Simon",1982,"Almena Films",1982,Spanish,Spain,Color,85,"Region A, Region B, Region C",https://www.imdb.com/title/tt0082748/?ref_=ref_ext_clz,"A frustrated Boston detective searches for the maniac responsible for mutilating a number of university coeds.",6.1,
"Project A","Action, Comedy","Jackie Chan, Sammo Hung Kam-Bo, Biao Yuen","Jackie Chan, Sammo Hung Kam-Bo","Siu-Tin Lai, Nicholas Rivera","Yiu-Tsou Cheung","Raymond Chow, Leonard Ho, Edward Tang","Jackie Chan, Jack Maeby, Edward Tang",1983,"First Films",1983,Cantonese,"Hong Kong",Color,105,,https://www.imdb.com/title/tt0085127/?ref_=ref_ext_clz,"In late 19th Century Hong Kong the British may rule the land, but the pirates rule the waters. One Coast Guard officer is Dragon Ma, who is determined that his beloved Coast Guard will not be made a fool of.",7.4,"US - PG-13"
"Project A 2","Action, Comedy, Crime","Jackie Chan, Maggie Cheung, Rosamund Kwan","Jackie Chan","Siu-Tin Lai","Yiu-Tsou Cheung","Raymond Chow, Leonard Ho, David Lam","Jackie Chan, Jack Maeby, Edward Tang",1987,"Golden Way Films Ltd.",1987,English,"Hong Kong",Color,101,,https://www.imdb.com/title/tt0092501/?ref_=ref_ext_clz,"Dragon is now transferred to be the police head of Sai Wan district, and has to contend with a gangster kingpin, anti-Manchu revolutionaries, some runaway pirates, Manchu Loyalists and a corrupt police superintendent.",7.1,"US - PG-13"
Rabid,"Horror, Science Fiction","Marilyn Chambers, Frank Moore, Joe Silver","David Cronenberg",,"René Verzier","Don Carmody, John Dunning, Danny Goldberg","David Cronenberg",1977,"Cinépix Film Properties (CFP)",1977,English,Canada,Color,91,"Region A",https://www.imdb.com/title/tt0076590/?ref_=ref_ext_clz,"After undergoing radical surgery for injuries from a motorcycle accident, a young woman develops a strange phallic growth on her body and a thirst for human blood—the only nourishment that will now sustain her.",6.3,"US - R"
Re-Animator,"Comedy, Horror, Science Fiction","Jeffrey Combs, Bruce Abbott, Barbara Crampton","Stuart Gordon","Richard Band","Mac Ahlberg","Michael Avery, Bruce William Curtis, Bob Greenberg","H.P. Lovecraft, Dennis Paoli, William Norris",1985,"Empire Pictures",1985,English,USA,Color,105,"Region 1",https://www.imdb.com/title/tt0089885/?ref_=ref_ext_clz,"A dedicated student at a medical college and his girlfriend become involved in bizarre experiments centering around the re-animation of dead tissue when an odd new student arrives on campus.",7.2,
"Return of the Street Fighter","Action, Crime, Drama","Sonny Chiba, Yôko Ichiji, Masashi Ishibashi","Shigehiro Ozawa","Toshiaki Tsushima","Sadaji Yoshida","Norimichi Matsudaira","Shigehiro Ozawa, Kôji Takada, Hajime Takaiwa",1974,"Toei Company",1974,Japanese,Japan,Color,88,,https://www.imdb.com/title/tt0073623/?ref_=ref_ext_clz,"Martial artist Takuma Tsurugi returns to take on a Yakuza family that may be embezzling money from charities to finance their own operations. Both the police and the Yakuza find themselves battling Tsurugi, but Tsurugi's fight ultimately is with the mob, and he concentrates on them.",6.4,"US - R"
"Road to Revenge","Action, Drama","John De Hart, Wings Hauser, William Smith","John De Hart, James Paradise",,"Eric J. Swanson","John De Hart, Rebecca Warren, Jimmy Williams","John De Hart",1993,"Monarch Productions (III)",1993,English,USA,Color,89,"Region Free",https://www.imdb.com/title/tt0169183/?ref_=ref_ext_clz,"The Corruption of The System is given a swift lopsided kick by Vigilante Justice as a Disgraced Former Cop emerges from exile, automatic weapons blazing and mediocre martial arts akimbo, to bring down a murderous satanic cult headed by his former partner. His only allies? A boatload of swagger and one leggy blonde.",4.3,
RoboCop,"Action, Crime, Science Fiction, Thriller","Peter Weller, Nancy Allen, Dan O'Herlihy","Paul Verhoeven","Basil Poledouris","Jost Vacano, Sol Negrin","Jon Davison, Stephen Lim, Edward Neumeier","Edward Neumeier, Michael Miner",1987,"Orion Pictures",1987,English,USA,Color,102,,https://www.imdb.com/title/tt0093870/?ref_=ref_ext_clz,"In a violent, near-apocalyptic Detroit, evil corporation Omni Consumer Products wins a contract from the city government to privatize the police force. To test their crime-eradicating cyborgs, the company leads street cop Alex Murphy into an armed confrontation with crime lord Boddicker so they can use his body to support their untested RoboCop prototype. But when RoboCop learns of the company's nefarious plans, he turns on his masters.",7.6,"US - R"
"Santa Sangre","Drama, Horror, Thriller","Axel Jodorowsky, Blanca Guerra, Guy Stockwell","Alejandro Jodorowsky","Simon Boswell","Daniele Nannuzzi","Claudio Argento, Anuar Badin, Lars Bloch","Alejandro Jodorowsky, Roberto Leoni, Claudio Argento",1989,"Productora Fílmica Real",1989,English,Mexico,Color,123,,https://www.imdb.com/title/tt0098253/?ref_=ref_ext_clz,"A young man is confined in a mental hospital. Through a flashback we see that he was traumatized as a child, when he and his family were circus performers: he saw his father cut off the arms of his mother, a religious fanatic and leader of the heretical church of Santa Sangre (""Holy Blood""), and then commit suicide. Back in the present, he escapes and rejoins his surviving and armless mother.",7.6,"US - R"
"Satan's Blood",Horror,"Angel Aranda, Sandra Alberti, Mariana Karr","Carlos Puerto, J.P. Simon","Librado Pastor","Andrés Berenguer","Francisco Ariza, Alfredo Casado, J.P. Simon","Carlos Puerto",1978,"Juan Piquer Simón",1978,English,Spain,Color,82,"Region Free",https://www.imdb.com/title/tt0075999/?ref_=ref_ext_clz,"Andy and Thelma, an urbanite couple living in Madrid, leave their apartment for a pleasant day around the city with their dog. They cross paths with Bruno and Anne, a strange couple who invite them to their foreboding country estate. A storm hits that evening and the two stay overnight. The couples engage in a bit of harmless communication with spirits via ouija board, but soon past conflicts arise Thelma had an affair with Andy's brother, and Anne criticizes Bruno over his attempted suicide. This is only the beginning of all the horrors that will haunt them in the house.",6,
"Scanner Cop","Horror, Science Fiction","Daniel Quinn, Darlanne Fluegel, Richard Grove","Pierre David","Louis Febre","Jacques Haitkin","Pierre David, Rene Malo, Robert Lansing Parker","John Bryant, David Cronenberg, Pierre David",1994,"Image Organization",1994,English,Canada,Color,95,,https://www.imdb.com/title/tt0111082/?ref_=ref_ext_clz,"Sam Staziak, a rookie cop with the Los Angeles Police Department, is also a 'scanner' (psionic). When a string of murders begins to decimate the police department, Sam faces sensory overload and possible insanity as he uses his powers to hunt the man responsible for the killings.",5.3,"US - R"
"Scanner Cop 2","Horror, Science Fiction","Daniel Quinn, Patrick Kilpatrick, Khrystyne Haje","Steve Barnett, Christian Duguay","Richard Bowers",,"Pierre David, Robert Lansing Parker, Meyer Shwarzstein","David Cronenberg, Mark Sevi",1995,,1995,English,USA,Color,120,,,,,
Scanners,"Horror, Science Fiction, Thriller","Jennifer O'Neill, Stephen Lack, Patrick McGoohan","David Cronenberg","Howard Shore","Mark Irwin","Pierre David, Claude Heroux, Victor Solnicki","David Cronenberg",1981,"New World-Mutual",1981,English,Canada,Color,103,"Region 1",https://www.imdb.com/title/tt0081455/?ref_=ref_ext_clz,"After a man with extraordinary—and frighteningly destructive—telepathic abilities is nabbed by agents from a mysterious rogue corporation, he discovers he is far from the only possessor of such strange powers, and that some of the other “scanners” have their minds set on world domination, while others are trying to stop them.",6.8,"US - R"
Shivers,"Horror, Science Fiction","Paul Hampton, Joe Silver, Lynn Lowry","David Cronenberg",,"Robert Saad","Don Carmody, John Dunning, André Link","David Cronenberg",1975,"Cinépix Film Properties (CFP)",1975,English,Canada,Color,87,"Region A",https://www.imdb.com/title/tt0073705/?ref_=ref_ext_clz,"The residents of a suburban high-rise apartment building are being infected by a strain of parasites that turn them into mindless, sex-crazed fiends out to infect others by the slightest sexual contact.",6.4,"US - R"
Showgirls,Drama,"Elizabeth Berkley, Kyle MacLachlan, Gina Gershon","Paul Verhoeven","David A. Stewart","Jost Vacano","Lynn Ehrensperger, Charles Evans, Mario Kassar","Joe Eszterhas",1995,"United Artists",1995,English,France,Color,128,,https://www.imdb.com/title/tt0114436/?ref_=ref_ext_clz,"A young drifter named Nomi arrives in Las Vegas to become a dancer and soon sets about clawing and pushing her way to become a top showgirl.",4.9,"US - R"
"Six-String Samurai","Action, Adventure, Comedy, Drama, Fantasy, Music, Science Fiction","Jeffrey Falcon, Justin McGuire, Kim De Angelo","Lance Mungia","The Red Elvises, Brian Tyler","Kristian Bernier","Michael Burns, Leanna Creel, Jennifer Erwin","Jeffrey Falcon, Lance Mungia",1998,"HSX Films",1998,English,USA,Color,91,"Region Free",https://www.imdb.com/title/tt0118736/?ref_=ref_ext_clz,"In a post-apocalyptic world where the Russians have taken over a nuked USA and Elvis is king of Lost Vegas, Buddy is a '50s rocker and wandering warrior rolled into one, too-cool package. Armed with his six-string in one hand and his sword in the other, Buddy is on his way to Vegas to succeed Elvis as King. Along the way, he saves an orphan who decides to tag along.",6.6,"US - PG-13"
Slugs,Horror,"Michael Garfield, Kim Terry, Philip Machale","J.P. Simon","Tim Souster","Julio Bragado","Francesca DeLaurentiis, José Antonio Escrivá, George Ferrer","Ron Gantman, Shaun Hutson, José Antonio Escrivá",1988,"Dister Group",1988,English,Spain,Color,92,,https://www.imdb.com/title/tt0093995/?ref_=ref_ext_clz,"People are dying mysteriously and gruesomely, and nobody has a clue what the cause is. Only health worker Mike Brady has a possible solution, but his theory of killer slugs is laughed at by the authorities. Only when the body count begins to rise and a slug expert from England begins snooping around does it begin to look like Mike had the right idea after all.",5.2,"US - R"
"A Snake of June","Drama, Horror, Mystery, Thriller","Asuka Kurosawa, Yûji Kôtari, Shin'ya Tsukamoto","Shin'ya Tsukamoto","Chu Ishikawa","Shin'ya Tsukamoto","Shin'ichi Kawahara, Keiko Kusakabe, Shin'ya Tsukamoto","Shin'ya Tsukamoto",2002,"Kaijyu Theater",2002,Japanese,Japan,"Black & White",77,,https://www.imdb.com/title/tt0330904/?ref_=ref_ext_clz,"Rinku is a suicide-prevention counselor, living with her husband Shigehiko. He's older than she, scrubbing things constantly, sexually indifferent. They sleep apart. During Tokyo's rainy season, Iguchi, a photographer Rinku has counseled by phone, sends her pictures he has taken through her skylight: she's wearing a short skirt, masturbating. He offers her the negatives if she'll follow his instructions. She's humiliated and agrees. He tells her he's only giving her license to express her inner desires. He sends her into the night to walk on the wild side. Then, she asks a favor of him, and soon her husband receives phone calls and photographs. Where will this triangle lead?",6.9,"US - R"
Society,"Comedy, Horror","Billy Warlock, Concetta D'Agnese, Ben Slack","Brian Yuzna","Phil Davies, Mark Ryder","Rick Fichter","Keizo Kabata, Terry Ogisu, Keith Walley","Rick Fry, Woody Keith",1989,"Overseas FilmGroup",1989,English,Japan,Color,99,"Region B",https://www.imdb.com/title/tt0098354/?ref_=ref_ext_clz,"A Beverly Hills teen (Billy Warlock) discovers his parents are part of a gruesome orgy cult for the social elite.",6.5,"US - R"
"Soldier of Orange","Drama, Romance, Thriller, War","Rutger Hauer, Jeroen Krabbé, Susan Penhaligon","Paul Verhoeven","Rogier van OTTERLOO","Jost Vacano","Rob Houwer","Erik Hazelhoff Roelfzema, Kees Holierhoek, Gerard Soeteman",1977,"Tuschinski Film Distribution",1977,Dutch,Belgium,Color,155,,https://www.imdb.com/title/tt0076734/?ref_=ref_ext_clz,"The lives of Erik Lanshof and five of his closest friends take different paths when the German army invades the Netherlands in 1940: fight and resistance, fear and resignation, collaboration and high treason.",7.7,"US - R"
Spetters,"Drama, Romance, Sports","Hans van Tongeren, Renée Soutendijk, Toon Agterberg","Paul Verhoeven","Ton Scherpenzeel","Jost Vacano","Joop van den Ende","Gerard Soeteman, Jan Wolkers",1980,"VSE Film",1980,Dutch,"The Netherlands",Color,120,"Region A",https://www.imdb.com/title/tt0081547/?ref_=ref_ext_clz,"A Dutch film, post-Saturday Night Fever, which follows the lives of three young men who are amateur dirt-bike motorcycle racers. They each fall in love with a young woman who, with her brother, sells French fries and hot dogs at the races. Everyone is looking for a better life. She wants out of the business and away from her brother. The motocross racers want to make their marks as professional racers, like their hero, played by Rutger Hauer.",6.6,"US - R"
Spookies,"Comedy, Horror","Felix Ward, Maria Pechukas, Dan Scott","Eugenie Joseph, Thomas Doran, Brendan Faulkner","James Calabrese, Kenneth Higgins","Robert Chappell, Ken Kelsch","Thomas Doran, Frank M. Farel, Brendan Faulkner","Ann Burgund, Thomas Doran, Frank M. Farel",1986,,1986,English,USA,Color,85,"Region A, Region B, Region C",https://www.imdb.com/title/tt0090057/?ref_=ref_ext_clz,"Taking a wrong turn, travelers find themselves trapped in a mysterious house. One horror after another threatens them as the sorcerer who lives within needs sacrifices to give eternal life to his beautiful bride.",5,"US - R"
"Starship Troopers","Action, Adventure, Science Fiction, Thriller","Casper Van Dien, Dina Meyer, Denise Richards","Paul Verhoeven","Basil Poledouris","Jost Vacano","Jon Davison, Frances Doel, Stacy Lumbrezer","Edward Neumeier, Robert A. Heinlein",1997,"Buena Vista International",1997,English,USA,Color,129,"Region A, Region B, Region C",https://www.imdb.com/title/tt0120201/?ref_=ref_ext_clz,"Set in the future, the story follows a young soldier named Johnny Rico and his exploits in the Mobile Infantry. Rico's military career progresses from recruit to non-commissioned officer and finally to officer against the backdrop of an interstellar war between mankind and an arachnoid species known as ""the Bugs"".",7.2,"US - R"
"The Street Fighter","Action, Crime, Thriller","Sonny Chiba, Yutaka Nakajima, Chiyoko Kazama","Shigehiro Ozawa","Toshiaki Tsushima","Kenji Tsukagoshi","Norimichi Matsudaira","Kôji Takada, Motohiro Torii, Steve Autrey",1974,"Toei Company",1974,Japanese,Japan,Color,91,,https://www.imdb.com/title/tt0073756/?ref_=ref_ext_clz,"Terry is a tough mercenary and a master of martial arts. When an important business magnate dies, leaving billions to his daughter, the Mafia and Yakuza try to hire Terry to kidnap the daughter. When they refuse to meet his exorbitant price, then try to kill him to conceal their secret plans, he promptly offers his services to protect her. Much ultra-violent martial-arts fighting action, as expected, ensues. This also includes a subplot of a family's blood-feud with Terry over a disputed debt.",7,"US - R"
"The Streetfighter's Last Revenge","Action, Crime, Drama","Sonny Chiba, Reiko Ike, Koji Wada","Shigehiro Ozawa",,"Nagaki Yamagishi","Norimichi Matsudaira","Kôji Takada, Masahiro Shimura, Shigehiro Ozawa",1974,"Toei Company",1974,Japanese,Japan,Color,83,,https://www.imdb.com/title/tt0073755/?ref_=ref_ext_clz,"Terry Sugury is hired to recover one of two tapes containing a formula for making heroin for a price of 200 dollars a pound. But he gets double crossed. So he wants the tape back.",6.1,"US - R"
"Surf II",Comedy,"Eddie Deezen, Linda Kerridge, Terry Kiser","Randall M. Badat","Peter Bernstein","Álex Phillips Jr.","George G. Braunstein, Ron Hamady","Randall M. Badat",1983,"Surf's Up Productions",1983,English,USA,Color,91,"Region Free",https://www.imdb.com/title/tt0088207/?ref_=ref_ext_clz,"Evil Nerd Menlo wants to get revenge on some surfers by selling a bad batch of soda called Buzz Cola which turns people into mutant zombies. Its up to Jocko, Chuck, Bob and their surfer buddies to save the day.",4.9,"US - R"
Tetsuo,"Horror, Science Fiction","Tomorowo Taguchi, Kei Fujiwara, Nobu Kanaoka","Shin'ya Tsukamoto",,"Kei Fujiwara, Shin'ya Tsukamoto","Shin'ya Tsukamoto","Shin'ya Tsukamoto",1989,"Japan Home Video (JHV)",1989,Japanese,Japan,Color,67,,https://www.imdb.com/title/tt0096251/?ref_=ref_ext_clz,"A ""metal fetishist"", driven mad by the maggots wriggling in the wound he's made to embed metal into his flesh, runs out into the night and is accidentally run down by a Japanese businessman and his girlfriend. The pair dispose of the corpse in hopes of quietly moving on with their lives. However, the businessman soon finds that he is now plagued by a vicious curse that transforms his flesh into iron.",7,
"Tetsuo II: Body Hammer","Horror, Science Fiction","Tomorowo Taguchi, Shin'ya Tsukamoto, Nobu Kanaoka","Shin'ya Tsukamoto",,"Fumikazu Oda, Shin'ya Tsukamoto, Katsunori Yokoyama","Hiromi Aihara, Hiroshi Koizumi, Fumio Kurokawa","Shin'ya Tsukamoto",1992,"Kaijyu Theater",1992,Japanese,Japan,Color,83,,https://www.imdb.com/title/tt0105569/?ref_=ref_ext_clz,"Tetsuo II: Body Hammer is a 1992 Japanese science fiction/horror film directed by Shinya Tsukamoto. It is a bigger-budget reworking of the same director's 1989 movie Tetsuo: The Iron Man, utilizing similar themes and ideas to the earlier film (a Japanese salaryman, played by cult actor Tomorowo Taguchi, finds his body transforming into a weapon through sheer rage after his son is kidnapped by a gang of violent thugs.) It was not as well received as its predecessor but it did win the Critic's Award at the 3rd Yubari International Fantastic Film Festival in February 1992.",6.4,"US - R"
"They Live","Action, Horror, Science Fiction, Thriller","Roddy Piper, Keith David, Meg Foster","John Carpenter","John Carpenter, Alan Howarth","Gary B. Kibbe","Andre Blay, Larry Franco, Shep Gordon","Ray Nelson, John Carpenter",1988,"Universal Pictures",1988,English,USA,Color,94,"Region A, Region Free",https://www.imdb.com/title/tt0096256/?ref_=ref_ext_clz,"Nada, a wanderer without meaning in his life, discovers a pair of sunglasses capable of showing the world the way it truly is. As he walks the streets of Los Angeles, Nada notices that both the media and the government are comprised of subliminal messages meant to keep the population subdued, and that most of the social elite are skull-faced aliens bent on world domination. With this shocking discovery, Nada fights to free humanity from the mind-controlling aliens.",7.3,"US - R"
"To Live and Die in L.A.","Action, Crime, Drama, Thriller","William L. Petersen, Willem Dafoe, John Pankow","William Friedkin","Wang Chung","Robby Müller","Irving H. Levin, Samuel Schulman, Bud S. Smith","Gerald Petievich, William Friedkin",1985,"SLM Production Group",1985,English,USA,Color,116,"Region 2, Region B",https://www.imdb.com/title/tt0090180/?ref_=ref_ext_clz,"A fearless Secret Service agent will stop at nothing to bring down the counterfeiter who killed his partner.",7.3,"US - R"
"Tokyo Fist","Action, Drama, Thriller","Kaori Fujii, Shin'ya Tsukamoto, Koji Tsukamoto","Shin'ya Tsukamoto","Chu Ishikawa","Shin'ya Tsukamoto","Kiyo Joo, Shin'ya Tsukamoto","Hisashi Saito, Shin'ya Tsukamoto",1995,"Kaijyu Theater",1995,Japanese,Japan,Color,87,,https://www.imdb.com/title/tt0114690/?ref_=ref_ext_clz,"A businessman, Tsuda, runs into a childhood friend, Tajuki, on the subway. Tajuki is working as a semiprofessional boxer. Tsuda soon begins to suspect that Tajuki might be having an affair with his fiancée Hizuru. After an altercation, Tsuda begins training rigorously himself, leading to an extremely bloody, violent confrontation.",7.1,
"Treasure of Doom","Action, Adventure, Drama, Thriller","Stuart Whitman, Donald Pleasence, Bradford Dillman","René Cardona Jr.","Mort Garson","Daniel López","René Cardona Jr.","René Cardona Jr., Jacques Wilson",1985,,1985,English,Mexico,Color,104,,https://www.imdb.com/title/tt0090200/?ref_=ref_ext_clz,"A ragtag group of adventurers, including a former Nazi, is led by a half-maddened grizzled treasure hunter who wants a second chance to find the mythical treasure of the Amazon, after his first mission went terrible wrong.",4.4,"US - R"
"Turkish Delight","Drama, Romance","Monique van de Ven, Rutger Hauer, Tonny Huurdeman","Paul Verhoeven","Rogier van OTTERLOO","Jan de Bont","Rob Houwer","Gerard Soeteman, Jan Wolkers",1973,"Nederland Film",1973,Dutch,"The Netherlands",Color,108,,https://www.imdb.com/title/tt0070842/?ref_=ref_ext_clz,"Eric, a gifted sculptor has a stormy, erotic, and star-crossed romance with a beautiful young girl, Olga. The story follows the arc of their relationship and his interaction with her family.",7.1,"US - R"
"Twinkle Twinkle Lucky Stars","Action, Comedy","Sammo Hung Kam-Bo, Richard Ng, Eric Tsang","Sammo Hung Kam-Bo","Anders Nelsson","Arthur Wong",,"Barry Haigh, Kin Lo, Cheuk-Hon Szeto",1985,"Bojon Films Company Ltd.",1985,Cantonese,"Hong Kong",Color,105,,https://www.imdb.com/title/tt0090342/?ref_=ref_ext_clz,"The third installment in the Lucky Stars series, following Winners and Sinners (1983) and My Lucky Stars (1985)... The team are released from prison to play detective in order to stop a ruthless gang from ruining their reputations, taking their lives, and that of a key witness in an upcoming trial. They must battle their way through and with the help of Muscles, take down the bad guys.",6.4,
Versus,"Action, Comedy, Drama, Fantasy, Horror, Romance, Thriller","Tak Sakaguchi, Hideo Sakaki, Chieko Misaka","Ryuhei Kitamura","Nobuhiko Morino","Takumi Furuya","Hideo Nishimura, Keishiro Shin, Nobuyuki Takahashi","Ryuhei Kitamura, Yudai Yamaguchi",2000,"30 Holding",2000,Japanese,Japan,Color,119,,https://www.imdb.com/title/tt0275773/?ref_=ref_ext_clz,"Set in the present where a group of ruthless gangsters, an unknown woman and an escaped convict have met, unwittingly, in The Forest of Resurrection, the 444th portal to the other side. Their troubles start when those once killed and buried in the forest come back from the dead, with the assistance of the evil Sprit that has also come back, come back from ages past, to claim his prize. The final standoff between Light and Dark has never been so cunning, so brutal and so deadly. This is where old Japanese Samurai mysticism meets the new world of the gangster and the gun. Gruesome, bloody and positively bold.",6.4,"US - R"
Videodrome,"Horror, Science Fiction, Thriller","James Woods, Sonja Smits, Deborah Harry","David Cronenberg","Howard Shore","Mark Irwin","Pierre David, Claude Heroux, Larry Nesis","David Cronenberg",1983,Cine-Studio,1983,English,Canada,Color,87,"Region 1, Region A",https://www.imdb.com/title/tt0086541/?ref_=ref_ext_clz,"As the president of a trashy TV channel, Max Renn is desperate for new programming to attract viewers. When he happens upon ""Videodrome,"" a TV show dedicated to gratuitous torture and punishment, Max sees a potential hit and broadcasts the show on his channel. However, after his girlfriend auditions for the show and never returns, Max investigates the truth behind Videodrome and discovers that the graphic violence may not be as fake as he thought.",7.2,"US - R"
"The Vietnam War","Documentary, History, War","Peter Coyote, Le Duan, Huy Duc","Ken Burns, Lynn Novick",,"Buddy Squires","Sarah Botstein, Ken Burns, Mariah Doran","Geoffrey C. Ward",2017,"Florentine Films",2017,English,USA,Color,1080,"Region A",https://www.imdb.com/title/tt1877514/?ref_=ref_ext_clz,"An immersive 360-degree narrative telling the epic story of the Vietnam War as it has never before been told on film. Featuring testimony from nearly 80 witnesses, including many Americans who fought in the war and others who opposed it, as well as Vietnamese combatants and civilians from both the winning and losing sides.",9.1,"US - TV-MA"
Vital,"Drama, Thriller","Tadanobu Asano, Nami Tsukamoto, Kiki","Shin'ya Tsukamoto",,"Shin'ya Tsukamoto","Kiyo Joo, Shin'ichi Kawahara, Ittoku Kishibe","Shin'ya Tsukamoto",2004,"Kaijyu Theater",2004,Japanese,Japan,Color,86,,https://www.imdb.com/title/tt0417243/?ref_=ref_ext_clz,"Hiroshi wakes up in a hospital room and realizes that he was in a serious car accident that caused the death of his girlfriend, Ryoko, as well as the loss of his memory. While trying to regain his memory, one of the first clues that Hiroshi finds are his old medical textbooks that he studied prior to his accident. This gives him a renewed purpose in life and he delves forward into his medical school studies.",6.8,"US - R"
"Who Am I?","Action, Adventure, Comedy, Science Fiction, Thriller","Jackie Chan, Michelle Ferre, Mirai Yamamoto","Benny Chan, Jackie Chan","Nathan Wang","Hang-Sang Poon","Leonard Ho, Man-Yiu Lee, Barbie Tung","Jackie Chan, Susan Chan, Lee Reynolds",1998,"Golden Harvest Company",1998,English,"Hong Kong",Color,120,,https://www.imdb.com/title/tt0127357/?ref_=ref_ext_clz,"A group of covert CIA operatives trailing a potential new energy source are double-crossed by corrupt agent Morgan, who causes a helicopter crash in remote South Africa. The sole survivor, suffering severe amnesia, is nursed to recovery by a kindly native tribe who call him ""Whoami"" after the question he keeps asking. With the help of a mysterious reporter Christine, Whoami pieces together his past and tracks the turncoat agent and his criminal cohorts.",6.8,"US - PG-13"
"Winners & Sinners","Action, Comedy, Crime","Sammo Hung Kam-Bo, John Sham, Richard Ng","Sammo Hung Kam-Bo",,"Ricky Lau","Raymond Chow, Leonard Ho","Sammo Hung Kam-Bo, Barry Wong",1983,"Golden Harvest Company",1983,Cantonese,"Hong Kong",Color,108,,https://www.imdb.com/title/tt0086605/?ref_=ref_ext_clz,"Five friends are released from prison and do their best to stay out trouble. While trying to mind their own business (and run their 5-Star Cleaning Service), they are caught up in a war between rival Triad gangs fighting for control of the counterfeit currency market.",6.7,"US - PG-13"
Yojimbo,"Action, Drama, Thriller","Toshirô Mifune, Tatsuya Nakadai, Yoko Tsukasa","Akira Kurosawa","Masaru Satô","Kazuo Miyagawa","Ryuzo Kikushima, Akira Kurosawa, Tomoyuki Tanaka","Akira Kurosawa, Ryuzo Kikushima",1961,"Toho Company",1961,Japanese,Japan,"Black & White",110,"Region A",https://www.imdb.com/title/tt0055630/?ref_=ref_ext_clz,"A nameless ronin, or samurai with no master, enters a small village in feudal Japan where two rival businessmen are struggling for control of the local gambling trade. Taking the name Sanjuro Kuwabatake, the ronin convinces both silk merchant Tazaemon and sake merchant Tokuemon to hire him as a personal bodyguard, then artfully sets in motion a full-scale gang war between the two ambitious and unscrupulous men.",8.2,
Zombie,Horror,"Tisa Farrow, Ian McCulloch, Richard Johnson","Lucio Fulci","Giorgio Cascio, Fabio Frizzi, Adriano Giordanella","Sergio Salvati","Gianfranco Couyoumdjian, Fabrizio De Angelis, Ugo Tucci","Elisa Briganti, Dardano Sacchetti",1979,Jugendfilm-Verleih,1979,Italian,Italy,Color,91,"Region Free",https://www.imdb.com/title/tt0080057/?ref_=ref_ext_clz,"On the Caribbean island of Matul, white doctor David Menard is trying to stem the tide of cannibal zombies that are returning from the dead.  Arriving on the island are Anne and reporter Peter West who are looking for Anne's missing father.  The pair soon find themselves under attack from the zombies.",6.8,"US - R"
